<manifest alg="2" build="2015.0.2.310" opt="true" iceEnabled="true" iceMarkupVersion="2" ftp_hostname="ftp://93.127.226.130" ftp_rootfolder="//www/puchyn.com" exportTarget="FTP" domain="puchyn.com" resolutions="1x" timestamp="1448571042688">
  <folder name="css">
    <file name="site_global.css" crc="4052507572"/>
    <file name="index.css" crc="299249179" ref="index"/>
    <file name="iefonts_index.css" crc="141237579" ref="index"/>
  </folder>
  <folder name="fonts">
    <file name="urybn1j9.woff" crc="470108556"/>
    <file name="urybn1j9.eot" crc="398161639"/>
    <file name="urybn1j9.svg" crc="334506205"/>
  </folder>
  <folder name="assets">
    <file name="memorandum.pdf" crc="329480347" seo="true" mt="1448564012000"/>
  </folder>
  <folder name="scripts">
    <file name="jquery-1.8.3.min.js" crc="196614522" ref="index"/>
    <file name="museutils.js" crc="275725342" ref="index"/>
    <file name="jquery.watch.js" crc="3999102769" ref="index"/>
    <file name="webpro.js" crc="3883484123" ref="index"/>
    <file name="musewpslideshow.js" crc="360574455" ref="index"/>
    <file name="jquery.museoverlay.js" crc="342093292" ref="index"/>
    <file name="touchswipe.js" crc="4218319045" ref="index"/>
    <file name="form_check.php" crc="3932029206" ref="index"/>
    <file name="form_throttle.php" crc="314685628" ref="index"/>
    <file name="form_process.php" crc="401030677" ref="index"/>
    <file name="form-u316.php" crc="26205841" ref="index"/>
    <file name="form-u349.php" crc="4090570415" ref="index"/>
    <file name="pie.js" crc="3827607177" ref="index"/>
    <file name="jquery.musepolyfill.bgsize.js" crc="185257658" ref="index"/>
    <file name="form-u372.php" crc="526557138" ref="index"/>
  </folder>
  <folder name="images">
    <file name="logo.png" crc="332947412" seo="true" ref="index"/>
    <file name="fonsloi1.jpg" crc="113137609" ref="index"/>
    <file name="fon_slider.png" crc="530516845" ref="index"/>
    <file name="lev.png" crc="4172886877" ref="index"/>
    <file name="prav.png" crc="3809901143" ref="index"/>
    <file name="fonsloi1_1.jpg" crc="4038759503" ref="index"/>
    <file name="forma.png" crc="4238926151" seo="true" ref="index"/>
    <file name="knopka1-u321-13.png" crc="282577011" ref="index"/>
    <file name="knopka1-u321-13-r.png" crc="282577011" ref="index"/>
    <file name="knopka1-u321-13-m.png" crc="282577011" ref="index"/>
    <file name="knopka1-u321-13-fs.png" crc="282577011" ref="index"/>
    <file name="fonsloi2.jpg" crc="15597377" ref="index"/>
    <file name="zn1.png" crc="487544853" seo="true" ref="index"/>
    <file name="zn2.png" crc="521357302" seo="true" ref="index"/>
    <file name="zn3.png" crc="262624374" seo="true" ref="index"/>
    <file name="zn4.png" crc="37481283" seo="true" ref="index"/>
    <file name="zn5.png" crc="114972287" seo="true" ref="index"/>
    <file name="forma2.png" crc="432890168" seo="true" ref="index"/>
    <file name="knopka2-u357-13.png" crc="290224416" ref="index"/>
    <file name="knopka2-u357-13-r.png" crc="290224416" ref="index"/>
    <file name="knopka2-u357-13-m.png" crc="290224416" ref="index"/>
    <file name="knopka2-u357-13-fs.png" crc="290224416" ref="index"/>
    <file name="shema.png" crc="4208846091" seo="true" ref="index"/>
    <file name="primer.png" crc="498692434" seo="true" ref="index"/>
    <file name="fonsloi3.jpg" crc="317143002" ref="index"/>
    <file name="foto1.png" crc="410635958" seo="true" ref="index"/>
    <file name="foto2.png" crc="531395105" seo="true" ref="index"/>
    <file name="foto3.png" crc="4032679829" seo="true" ref="index"/>
    <file name="foto4.png" crc="3951128735" seo="true" ref="index"/>
    <file name="foto_1.png" crc="4010849245" seo="true" ref="index"/>
    <file name="podpic.png" crc="176359202" seo="true" ref="index"/>
    <file name="doc1.png" crc="239349336" ref="index"/>
    <file name="doc2.png" crc="4294571578" ref="index"/>
    <file name="doc33.png" crc="3920244744" ref="index"/>
    <file name="doc4.png" crc="313311842" ref="index"/>
    <file name="statistika-1.jpg" crc="3846407366" ref="index"/>
    <file name="statistika-2.jpg" crc="3855196162" ref="index"/>
    <file name="svidotstvo.jpg" crc="3846734023" ref="index"/>
    <file name="sertifikat.jpg" crc="454220481" ref="index"/>
    <file name="knopka3-u377-13.png" crc="3876965783" ref="index"/>
    <file name="knopka3-u377-13-r.png" crc="3876965783" ref="index"/>
    <file name="knopka3-u377-13-m.png" crc="3876965783" ref="index"/>
    <file name="knopka3-u377-13-fs.png" crc="3876965783" ref="index"/>
    <file name="podlojka1.png" crc="255983769" seo="true" ref="index"/>
  </folder>
  <file name="index.html" crc="235937037" seo="true" mt="1448565794221" redirect="true"/>
  <linkData>
    <DESKTOP>
      <page name="Puchyn law group" filename="index.html" muse_href="page:U74"/>
    </DESKTOP>
    <ASSETS>
      <asset filename="memorandum.pdf" muse_href="upload:U469"/>
    </ASSETS>
  </linkData>
</manifest>